--
-- PostgreSQL database dump
--

-- Dumped from database version 16.0
-- Dumped by pg_dump version 16.0

SET statement_timeout = 0;
SET lock_timeout = 0;
SET idle_in_transaction_session_timeout = 0;
SET client_encoding = 'UTF8';
SET standard_conforming_strings = on;
SELECT pg_catalog.set_config('search_path', '', false);
SET check_function_bodies = false;
SET xmloption = content;
SET client_min_messages = warning;
SET row_security = off;

SET default_tablespace = '';

SET default_table_access_method = heap;

--
-- Name: api_asset; Type: TABLE; Schema: public; Owner: admin
--

CREATE TABLE public.api_asset (
    id bigint NOT NULL,
    video character varying(100) NOT NULL,
    title integer NOT NULL,
    username integer NOT NULL
);


ALTER TABLE public.api_asset OWNER TO admin;

--
-- Name: api_asset_id_seq; Type: SEQUENCE; Schema: public; Owner: admin
--

ALTER TABLE public.api_asset ALTER COLUMN id ADD GENERATED BY DEFAULT AS IDENTITY (
    SEQUENCE NAME public.api_asset_id_seq
    START WITH 1
    INCREMENT BY 1
    NO MINVALUE
    NO MAXVALUE
    CACHE 1
);


--
-- Name: api_currencytype; Type: TABLE; Schema: public; Owner: admin
--

CREATE TABLE public.api_currencytype (
    id bigint NOT NULL,
    currency_type character varying(9) NOT NULL
);


ALTER TABLE public.api_currencytype OWNER TO admin;

--
-- Name: api_currencytype_id_seq; Type: SEQUENCE; Schema: public; Owner: admin
--

ALTER TABLE public.api_currencytype ALTER COLUMN id ADD GENERATED BY DEFAULT AS IDENTITY (
    SEQUENCE NAME public.api_currencytype_id_seq
    START WITH 1
    INCREMENT BY 1
    NO MINVALUE
    NO MAXVALUE
    CACHE 1
);


--
-- Name: api_kind; Type: TABLE; Schema: public; Owner: admin
--

CREATE TABLE public.api_kind (
    id bigint NOT NULL,
    kind character varying NOT NULL
);


ALTER TABLE public.api_kind OWNER TO admin;

--
-- Name: api_kind_id_seq; Type: SEQUENCE; Schema: public; Owner: admin
--

ALTER TABLE public.api_kind ALTER COLUMN id ADD GENERATED BY DEFAULT AS IDENTITY (
    SEQUENCE NAME public.api_kind_id_seq
    START WITH 1
    INCREMENT BY 1
    NO MINVALUE
    NO MAXVALUE
    CACHE 1
);


--
-- Name: api_product; Type: TABLE; Schema: public; Owner: admin
--

CREATE TABLE public.api_product (
    id bigint NOT NULL,
    product character varying NOT NULL,
    image character varying(100) NOT NULL,
    price numeric(10,2) NOT NULL,
    stock integer NOT NULL,
    description text NOT NULL,
    currency_type character varying(9) NOT NULL,
    kind character varying NOT NULL
);


ALTER TABLE public.api_product OWNER TO admin;

--
-- Name: api_product_id_seq; Type: SEQUENCE; Schema: public; Owner: admin
--

ALTER TABLE public.api_product ALTER COLUMN id ADD GENERATED BY DEFAULT AS IDENTITY (
    SEQUENCE NAME public.api_product_id_seq
    START WITH 1
    INCREMENT BY 1
    NO MINVALUE
    NO MAXVALUE
    CACHE 1
);


--
-- Name: api_sale; Type: TABLE; Schema: public; Owner: admin
--

CREATE TABLE public.api_sale (
    id bigint NOT NULL,
    amount integer NOT NULL,
    discount integer NOT NULL,
    price_final numeric(10,2) NOT NULL,
    date_sale date NOT NULL,
    username integer NOT NULL,
    product character varying NOT NULL
);


ALTER TABLE public.api_sale OWNER TO admin;

--
-- Name: api_sale_id_seq; Type: SEQUENCE; Schema: public; Owner: admin
--

ALTER TABLE public.api_sale ALTER COLUMN id ADD GENERATED BY DEFAULT AS IDENTITY (
    SEQUENCE NAME public.api_sale_id_seq
    START WITH 1
    INCREMENT BY 1
    NO MINVALUE
    NO MAXVALUE
    CACHE 1
);


--
-- Name: api_service; Type: TABLE; Schema: public; Owner: admin
--

CREATE TABLE public.api_service (
    id bigint NOT NULL,
    title character varying(8) NOT NULL,
    description text,
    image character varying(100) NOT NULL,
    price numeric(10,2) NOT NULL,
    currency_types character varying(9) NOT NULL
);


ALTER TABLE public.api_service OWNER TO admin;

--
-- Name: api_service_id_seq; Type: SEQUENCE; Schema: public; Owner: admin
--

ALTER TABLE public.api_service ALTER COLUMN id ADD GENERATED BY DEFAULT AS IDENTITY (
    SEQUENCE NAME public.api_service_id_seq
    START WITH 1
    INCREMENT BY 1
    NO MINVALUE
    NO MAXVALUE
    CACHE 1
);


--
-- Name: api_site; Type: TABLE; Schema: public; Owner: admin
--

CREATE TABLE public.api_site (
    id bigint NOT NULL,
    city character varying NOT NULL
);


ALTER TABLE public.api_site OWNER TO admin;

--
-- Name: api_site_id_seq; Type: SEQUENCE; Schema: public; Owner: admin
--

ALTER TABLE public.api_site ALTER COLUMN id ADD GENERATED BY DEFAULT AS IDENTITY (
    SEQUENCE NAME public.api_site_id_seq
    START WITH 1
    INCREMENT BY 1
    NO MINVALUE
    NO MAXVALUE
    CACHE 1
);


--
-- Name: auth_group; Type: TABLE; Schema: public; Owner: admin
--

CREATE TABLE public.auth_group (
    id integer NOT NULL,
    name character varying(150) NOT NULL
);


ALTER TABLE public.auth_group OWNER TO admin;

--
-- Name: auth_group_id_seq; Type: SEQUENCE; Schema: public; Owner: admin
--

ALTER TABLE public.auth_group ALTER COLUMN id ADD GENERATED BY DEFAULT AS IDENTITY (
    SEQUENCE NAME public.auth_group_id_seq
    START WITH 1
    INCREMENT BY 1
    NO MINVALUE
    NO MAXVALUE
    CACHE 1
);


--
-- Name: auth_group_permissions; Type: TABLE; Schema: public; Owner: admin
--

CREATE TABLE public.auth_group_permissions (
    id bigint NOT NULL,
    group_id integer NOT NULL,
    permission_id integer NOT NULL
);


ALTER TABLE public.auth_group_permissions OWNER TO admin;

--
-- Name: auth_group_permissions_id_seq; Type: SEQUENCE; Schema: public; Owner: admin
--

ALTER TABLE public.auth_group_permissions ALTER COLUMN id ADD GENERATED BY DEFAULT AS IDENTITY (
    SEQUENCE NAME public.auth_group_permissions_id_seq
    START WITH 1
    INCREMENT BY 1
    NO MINVALUE
    NO MAXVALUE
    CACHE 1
);


--
-- Name: auth_permission; Type: TABLE; Schema: public; Owner: admin
--

CREATE TABLE public.auth_permission (
    id integer NOT NULL,
    name character varying(255) NOT NULL,
    content_type_id integer NOT NULL,
    codename character varying(100) NOT NULL
);


ALTER TABLE public.auth_permission OWNER TO admin;

--
-- Name: auth_permission_id_seq; Type: SEQUENCE; Schema: public; Owner: admin
--

ALTER TABLE public.auth_permission ALTER COLUMN id ADD GENERATED BY DEFAULT AS IDENTITY (
    SEQUENCE NAME public.auth_permission_id_seq
    START WITH 1
    INCREMENT BY 1
    NO MINVALUE
    NO MAXVALUE
    CACHE 1
);


--
-- Name: auth_user; Type: TABLE; Schema: public; Owner: admin
--

CREATE TABLE public.auth_user (
    id integer NOT NULL,
    password character varying(128) NOT NULL,
    last_login timestamp with time zone,
    is_superuser boolean NOT NULL,
    username character varying(150) NOT NULL,
    first_name character varying(150) NOT NULL,
    last_name character varying(150) NOT NULL,
    email character varying(254) NOT NULL,
    is_staff boolean NOT NULL,
    is_active boolean NOT NULL,
    date_joined timestamp with time zone NOT NULL
);


ALTER TABLE public.auth_user OWNER TO admin;

--
-- Name: auth_user_groups; Type: TABLE; Schema: public; Owner: admin
--

CREATE TABLE public.auth_user_groups (
    id bigint NOT NULL,
    user_id integer NOT NULL,
    group_id integer NOT NULL
);


ALTER TABLE public.auth_user_groups OWNER TO admin;

--
-- Name: auth_user_groups_id_seq; Type: SEQUENCE; Schema: public; Owner: admin
--

ALTER TABLE public.auth_user_groups ALTER COLUMN id ADD GENERATED BY DEFAULT AS IDENTITY (
    SEQUENCE NAME public.auth_user_groups_id_seq
    START WITH 1
    INCREMENT BY 1
    NO MINVALUE
    NO MAXVALUE
    CACHE 1
);


--
-- Name: auth_user_id_seq; Type: SEQUENCE; Schema: public; Owner: admin
--

ALTER TABLE public.auth_user ALTER COLUMN id ADD GENERATED BY DEFAULT AS IDENTITY (
    SEQUENCE NAME public.auth_user_id_seq
    START WITH 1
    INCREMENT BY 1
    NO MINVALUE
    NO MAXVALUE
    CACHE 1
);


--
-- Name: auth_user_user_permissions; Type: TABLE; Schema: public; Owner: admin
--

CREATE TABLE public.auth_user_user_permissions (
    id bigint NOT NULL,
    user_id integer NOT NULL,
    permission_id integer NOT NULL
);


ALTER TABLE public.auth_user_user_permissions OWNER TO admin;

--
-- Name: auth_user_user_permissions_id_seq; Type: SEQUENCE; Schema: public; Owner: admin
--

ALTER TABLE public.auth_user_user_permissions ALTER COLUMN id ADD GENERATED BY DEFAULT AS IDENTITY (
    SEQUENCE NAME public.auth_user_user_permissions_id_seq
    START WITH 1
    INCREMENT BY 1
    NO MINVALUE
    NO MAXVALUE
    CACHE 1
);


--
-- Name: authtoken_token; Type: TABLE; Schema: public; Owner: admin
--

CREATE TABLE public.authtoken_token (
    key character varying(40) NOT NULL,
    created timestamp with time zone NOT NULL,
    user_id integer NOT NULL
);


ALTER TABLE public.authtoken_token OWNER TO admin;

--
-- Name: django_admin_log; Type: TABLE; Schema: public; Owner: admin
--

CREATE TABLE public.django_admin_log (
    id integer NOT NULL,
    action_time timestamp with time zone NOT NULL,
    object_id text,
    object_repr character varying(200) NOT NULL,
    action_flag smallint NOT NULL,
    change_message text NOT NULL,
    content_type_id integer,
    user_id integer NOT NULL,
    CONSTRAINT django_admin_log_action_flag_check CHECK ((action_flag >= 0))
);


ALTER TABLE public.django_admin_log OWNER TO admin;

--
-- Name: django_admin_log_id_seq; Type: SEQUENCE; Schema: public; Owner: admin
--

ALTER TABLE public.django_admin_log ALTER COLUMN id ADD GENERATED BY DEFAULT AS IDENTITY (
    SEQUENCE NAME public.django_admin_log_id_seq
    START WITH 1
    INCREMENT BY 1
    NO MINVALUE
    NO MAXVALUE
    CACHE 1
);


--
-- Name: django_content_type; Type: TABLE; Schema: public; Owner: admin
--

CREATE TABLE public.django_content_type (
    id integer NOT NULL,
    app_label character varying(100) NOT NULL,
    model character varying(100) NOT NULL
);


ALTER TABLE public.django_content_type OWNER TO admin;

--
-- Name: django_content_type_id_seq; Type: SEQUENCE; Schema: public; Owner: admin
--

ALTER TABLE public.django_content_type ALTER COLUMN id ADD GENERATED BY DEFAULT AS IDENTITY (
    SEQUENCE NAME public.django_content_type_id_seq
    START WITH 1
    INCREMENT BY 1
    NO MINVALUE
    NO MAXVALUE
    CACHE 1
);


--
-- Name: django_migrations; Type: TABLE; Schema: public; Owner: admin
--

CREATE TABLE public.django_migrations (
    id bigint NOT NULL,
    app character varying(255) NOT NULL,
    name character varying(255) NOT NULL,
    applied timestamp with time zone NOT NULL
);


ALTER TABLE public.django_migrations OWNER TO admin;

--
-- Name: django_migrations_id_seq; Type: SEQUENCE; Schema: public; Owner: admin
--

ALTER TABLE public.django_migrations ALTER COLUMN id ADD GENERATED BY DEFAULT AS IDENTITY (
    SEQUENCE NAME public.django_migrations_id_seq
    START WITH 1
    INCREMENT BY 1
    NO MINVALUE
    NO MAXVALUE
    CACHE 1
);


--
-- Name: django_session; Type: TABLE; Schema: public; Owner: admin
--

CREATE TABLE public.django_session (
    session_key character varying(40) NOT NULL,
    session_data text NOT NULL,
    expire_date timestamp with time zone NOT NULL
);


ALTER TABLE public.django_session OWNER TO admin;

--
-- Data for Name: api_asset; Type: TABLE DATA; Schema: public; Owner: admin
--

COPY public.api_asset (id, video, title, username) FROM stdin;
\.


--
-- Data for Name: api_currencytype; Type: TABLE DATA; Schema: public; Owner: admin
--

COPY public.api_currencytype (id, currency_type) FROM stdin;
1	€
2	$
\.


--
-- Data for Name: api_kind; Type: TABLE DATA; Schema: public; Owner: admin
--

COPY public.api_kind (id, kind) FROM stdin;
1	video
2	audio
3	IoT
\.


--
-- Data for Name: api_product; Type: TABLE DATA; Schema: public; Owner: admin
--

COPY public.api_product (id, product, image, price, stock, description, currency_type, kind) FROM stdin;
1	cámara de seguridad	products/logo1.png	129.87	7	Fondo de la foto guapo, graba hasta en la niebla, y 4K, te graba un partio furbo de locos	€	video
2	bocina	products/bocina.png	20.12	17	Me lo confiscó la Guardia Civil (er Betis pa los colegas) en las fallas de Valencia porque hacía mucho ruído	$	audio
3	puerta blindada	products/puerta_blindada.png	2329.81	4	Un boleón de Roberto Carlos la deja intacta, chequeado.	€	IoT
\.


--
-- Data for Name: api_sale; Type: TABLE DATA; Schema: public; Owner: admin
--

COPY public.api_sale (id, amount, discount, price_final, date_sale, username, product) FROM stdin;
1	2	9	236.36	2024-05-18	1	cámara de seguridad
2	8	47	9878.39	2024-05-18	2	puerta blindada
3	7	2	138.02	2024-05-18	3	bocina
4	6	20	96.58	2024-05-18	1	bocina
5	5	20	9319.24	2024-05-18	1	puerta blindada
6	9	20	16774.63	2024-05-18	4	puerta blindada
\.


--
-- Data for Name: api_service; Type: TABLE DATA; Schema: public; Owner: admin
--

COPY public.api_service (id, title, description, image, price, currency_types) FROM stdin;
1	básico	Al reconocer el cuerpo de una persona, comienza a grabar	services/basico.png	15.41	€
2	avanzado	Al reconocer el cuerpo de una persona, comienza a grabar. Además, distingue los rostros de los usuarios entre los propios y los desconocidos	services/avanzado.png	22.71	€
3	premium	Distingue los rostros de los usuarios entre los propios y los desconocidos. Comienza a grabar solo ante la muestra de un individuo desconocido	services/premium.png	29.82	$
\.


--
-- Data for Name: api_site; Type: TABLE DATA; Schema: public; Owner: admin
--

COPY public.api_site (id, city) FROM stdin;
1	Alcaucín
2	Sedella
3	Almócita
4	Montilla
5	Prado del Rey
6	Almonaster La Real
\.


--
-- Data for Name: auth_group; Type: TABLE DATA; Schema: public; Owner: admin
--

COPY public.auth_group (id, name) FROM stdin;
\.


--
-- Data for Name: auth_group_permissions; Type: TABLE DATA; Schema: public; Owner: admin
--

COPY public.auth_group_permissions (id, group_id, permission_id) FROM stdin;
\.


--
-- Data for Name: auth_permission; Type: TABLE DATA; Schema: public; Owner: admin
--

COPY public.auth_permission (id, name, content_type_id, codename) FROM stdin;
1	Can add log entry	1	add_logentry
2	Can change log entry	1	change_logentry
3	Can delete log entry	1	delete_logentry
4	Can view log entry	1	view_logentry
5	Can add permission	2	add_permission
6	Can change permission	2	change_permission
7	Can delete permission	2	delete_permission
8	Can view permission	2	view_permission
9	Can add group	3	add_group
10	Can change group	3	change_group
11	Can delete group	3	delete_group
12	Can view group	3	view_group
13	Can add user	4	add_user
14	Can change user	4	change_user
15	Can delete user	4	delete_user
16	Can view user	4	view_user
17	Can add content type	5	add_contenttype
18	Can change content type	5	change_contenttype
19	Can delete content type	5	delete_contenttype
20	Can view content type	5	view_contenttype
21	Can add session	6	add_session
22	Can change session	6	change_session
23	Can delete session	6	delete_session
24	Can view session	6	view_session
25	Can add Token	7	add_token
26	Can change Token	7	change_token
27	Can delete Token	7	delete_token
28	Can view Token	7	view_token
29	Can add Token	8	add_tokenproxy
30	Can change Token	8	change_tokenproxy
31	Can delete Token	8	delete_tokenproxy
32	Can view Token	8	view_tokenproxy
33	Can add tipo de divisa	9	add_currencytype
34	Can change tipo de divisa	9	change_currencytype
35	Can delete tipo de divisa	9	delete_currencytype
36	Can view tipo de divisa	9	view_currencytype
37	Can add tipo	10	add_kind
38	Can change tipo	10	change_kind
39	Can delete tipo	10	delete_kind
40	Can view tipo	10	view_kind
41	Can add Sede	11	add_site
42	Can change Sede	11	change_site
43	Can delete Sede	11	delete_site
44	Can view Sede	11	view_site
45	Can add Video	12	add_asset
46	Can change Video	12	change_asset
47	Can delete Video	12	delete_asset
48	Can view Video	12	view_asset
49	Can add Producto	13	add_product
50	Can change Producto	13	change_product
51	Can delete Producto	13	delete_product
52	Can view Producto	13	view_product
53	Can add Venta	14	add_sale
54	Can change Venta	14	change_sale
55	Can delete Venta	14	delete_sale
56	Can view Venta	14	view_sale
57	Can add Servicio	15	add_service
58	Can change Servicio	15	change_service
59	Can delete Servicio	15	delete_service
60	Can view Servicio	15	view_service
\.


--
-- Data for Name: auth_user; Type: TABLE DATA; Schema: public; Owner: admin
--

COPY public.auth_user (id, password, last_login, is_superuser, username, first_name, last_name, email, is_staff, is_active, date_joined) FROM stdin;
2	kenpachi	\N	f	kenpachi			kenny@kenny.ken	f	t	2024-05-18 18:30:06.514278+02
1	pbkdf2_sha256$720000$qTsDwqsufx8jjZv2z7t63j$h6Pec98++SzY+AFhl2UQKUQW23twqSZM64fK2iYmOyg=	2024-05-18 18:30:24.103126+02	t	admin			admin@admin.com	t	t	2024-05-18 18:16:59.556085+02
3	casemiro	\N	f	casemiro			vampiro@casemiro.primo	f	t	2024-05-18 18:32:20.615716+02
4	pbkdf2_sha256$720000$vTZKglbFjVT1a6D8fn5huR$SmrCeG84g402b3RMss3y51FLumOcxNAA2W/qYJfJ/yM=	\N	f	higan				f	t	2024-05-18 18:39:40.194505+02
\.


--
-- Data for Name: auth_user_groups; Type: TABLE DATA; Schema: public; Owner: admin
--

COPY public.auth_user_groups (id, user_id, group_id) FROM stdin;
\.


--
-- Data for Name: auth_user_user_permissions; Type: TABLE DATA; Schema: public; Owner: admin
--

COPY public.auth_user_user_permissions (id, user_id, permission_id) FROM stdin;
\.


--
-- Data for Name: authtoken_token; Type: TABLE DATA; Schema: public; Owner: admin
--

COPY public.authtoken_token (key, created, user_id) FROM stdin;
05b2d4fe6053c943a86298e4191591995880aae1	2024-05-18 18:33:15.811939+02	1
970fc9ed472224bb1a6a35126f13f02a1d5d4b69	2024-05-18 18:33:21.906492+02	3
3541cc345cf565d5062845fc0dd903cf156ffc84	2024-05-18 18:33:29.278628+02	2
\.


--
-- Data for Name: django_admin_log; Type: TABLE DATA; Schema: public; Owner: admin
--

COPY public.django_admin_log (id, action_time, object_id, object_repr, action_flag, change_message, content_type_id, user_id) FROM stdin;
1	2024-05-18 18:17:55.509049+02	1	Alcaucín	1	[{"added": {}}]	11	1
2	2024-05-18 18:18:05.674192+02	2	Sedella	1	[{"added": {}}]	11	1
3	2024-05-18 18:18:20.557811+02	3	Almócita	1	[{"added": {}}]	11	1
4	2024-05-18 18:18:28.815106+02	4	Montilla	1	[{"added": {}}]	11	1
5	2024-05-18 18:18:37.15244+02	5	Prado del Rey	1	[{"added": {}}]	11	1
6	2024-05-18 18:19:05.258826+02	6	Almonaster La Real	1	[{"added": {}}]	11	1
7	2024-05-18 18:21:23.006522+02	1	video	1	[{"added": {}}]	10	1
8	2024-05-18 18:21:29.917683+02	2	audio	1	[{"added": {}}]	10	1
9	2024-05-18 18:21:37.345321+02	3	IoT	1	[{"added": {}}]	10	1
10	2024-05-18 18:21:53.696684+02	1	€	1	[{"added": {}}]	9	1
11	2024-05-18 18:22:00.490502+02	2	$	1	[{"added": {}}]	9	1
12	2024-05-18 18:22:44.930278+02	1	básico	1	[{"added": {}}]	15	1
13	2024-05-18 18:24:05.137758+02	2	avanzado	1	[{"added": {}}]	15	1
14	2024-05-18 18:25:03.81666+02	3	premium	1	[{"added": {}}]	15	1
15	2024-05-18 18:27:05.581265+02	1	cámara de seguridad	1	[{"added": {}}]	13	1
16	2024-05-18 18:28:08.341433+02	2	bocina	1	[{"added": {}}]	13	1
17	2024-05-18 18:29:17.093087+02	3	puerta blindada	1	[{"added": {}}]	13	1
18	2024-05-18 18:30:45.458346+02	1	cámara de seguridad, 2 uds. Importe: 236.3634 €	1	[{"added": {}}]	14	1
19	2024-05-18 18:31:09.011176+02	2	puerta blindada, 8 uds. Importe: 9878.3944 €	1	[{"added": {}}]	14	1
20	2024-05-18 18:32:46.860935+02	3	bocina, 7 uds. Importe: 138.0232 $	1	[{"added": {}}]	14	1
21	2024-05-18 18:33:15.813938+02	1	05b2d4fe6053c943a86298e4191591995880aae1	1	[{"added": {}}]	8	1
22	2024-05-18 18:33:21.908492+02	3	970fc9ed472224bb1a6a35126f13f02a1d5d4b69	1	[{"added": {}}]	8	1
23	2024-05-18 18:33:29.280634+02	2	3541cc345cf565d5062845fc0dd903cf156ffc84	1	[{"added": {}}]	8	1
\.


--
-- Data for Name: django_content_type; Type: TABLE DATA; Schema: public; Owner: admin
--

COPY public.django_content_type (id, app_label, model) FROM stdin;
1	admin	logentry
2	auth	permission
3	auth	group
4	auth	user
5	contenttypes	contenttype
6	sessions	session
7	authtoken	token
8	authtoken	tokenproxy
9	api	currencytype
10	api	kind
11	api	site
12	api	asset
13	api	product
14	api	sale
15	api	service
\.


--
-- Data for Name: django_migrations; Type: TABLE DATA; Schema: public; Owner: admin
--

COPY public.django_migrations (id, app, name, applied) FROM stdin;
1	contenttypes	0001_initial	2024-05-18 18:16:28.897254+02
2	auth	0001_initial	2024-05-18 18:16:29.09329+02
3	admin	0001_initial	2024-05-18 18:16:29.150659+02
4	admin	0002_logentry_remove_auto_add	2024-05-18 18:16:29.163652+02
5	admin	0003_logentry_add_action_flag_choices	2024-05-18 18:16:29.178202+02
6	api	0001_initial	2024-05-18 18:16:29.455787+02
7	contenttypes	0002_remove_content_type_name	2024-05-18 18:16:29.502727+02
8	auth	0002_alter_permission_name_max_length	2024-05-18 18:16:29.534029+02
9	auth	0003_alter_user_email_max_length	2024-05-18 18:16:29.559113+02
10	auth	0004_alter_user_username_opts	2024-05-18 18:16:29.581058+02
11	auth	0005_alter_user_last_login_null	2024-05-18 18:16:29.611056+02
12	auth	0006_require_contenttypes_0002	2024-05-18 18:16:29.616057+02
13	auth	0007_alter_validators_add_error_messages	2024-05-18 18:16:29.642384+02
14	auth	0008_alter_user_username_max_length	2024-05-18 18:16:29.688438+02
15	auth	0009_alter_user_last_name_max_length	2024-05-18 18:16:29.718192+02
16	auth	0010_alter_group_name_max_length	2024-05-18 18:16:29.755615+02
17	auth	0011_update_proxy_permissions	2024-05-18 18:16:29.792242+02
18	auth	0012_alter_user_first_name_max_length	2024-05-18 18:16:29.821587+02
19	authtoken	0001_initial	2024-05-18 18:16:29.885334+02
20	authtoken	0002_auto_20160226_1747	2024-05-18 18:16:29.995122+02
21	authtoken	0003_tokenproxy	2024-05-18 18:16:30.007058+02
22	authtoken	0004_alter_tokenproxy_options	2024-05-18 18:16:30.02115+02
23	sessions	0001_initial	2024-05-18 18:16:30.054252+02
\.


--
-- Data for Name: django_session; Type: TABLE DATA; Schema: public; Owner: admin
--

COPY public.django_session (session_key, session_data, expire_date) FROM stdin;
qg8lhazoefa999dsupwc7uqbi0nv5n3u	.eJxVjEEOwiAQRe_C2hAYEKYu3fcMZKaAVA0kpV0Z765NutDtf-_9lwi0rSVsPS1hjuIitDj9bkzTI9UdxDvVW5NTq-sys9wVedAuxxbT83q4fweFevnWgN6TVcYBWq8J0WTKKjMBGqVTGhABiMjpwZLi6Dw6b63xcLYcM4v3B7o5NxM:1s8Mki:EtX5wBAXkpiWQz-5HIv2_MHHCFntLWLT9WAf4KgWPoY	2024-06-01 18:17:44.962507+02
y7v4g6nlai7p76376xgsnug9qal8zcbq	.eJxVjEEOwiAQRe_C2hAYEKYu3fcMZKaAVA0kpV0Z765NutDtf-_9lwi0rSVsPS1hjuIitDj9bkzTI9UdxDvVW5NTq-sys9wVedAuxxbT83q4fweFevnWgN6TVcYBWq8J0WTKKjMBGqVTGhABiMjpwZLi6Dw6b63xcLYcM4v3B7o5NxM:1s8Mwy:UrTa0HaXoWteavz11YK2lvTQ4ouPvVrLu29QxwKy7yE	2024-06-01 18:30:24.107124+02
\.


--
-- Name: api_asset_id_seq; Type: SEQUENCE SET; Schema: public; Owner: admin
--

SELECT pg_catalog.setval('public.api_asset_id_seq', 1, false);


--
-- Name: api_currencytype_id_seq; Type: SEQUENCE SET; Schema: public; Owner: admin
--

SELECT pg_catalog.setval('public.api_currencytype_id_seq', 2, true);


--
-- Name: api_kind_id_seq; Type: SEQUENCE SET; Schema: public; Owner: admin
--

SELECT pg_catalog.setval('public.api_kind_id_seq', 3, true);


--
-- Name: api_product_id_seq; Type: SEQUENCE SET; Schema: public; Owner: admin
--

SELECT pg_catalog.setval('public.api_product_id_seq', 3, true);


--
-- Name: api_sale_id_seq; Type: SEQUENCE SET; Schema: public; Owner: admin
--

SELECT pg_catalog.setval('public.api_sale_id_seq', 6, true);


--
-- Name: api_service_id_seq; Type: SEQUENCE SET; Schema: public; Owner: admin
--

SELECT pg_catalog.setval('public.api_service_id_seq', 3, true);


--
-- Name: api_site_id_seq; Type: SEQUENCE SET; Schema: public; Owner: admin
--

SELECT pg_catalog.setval('public.api_site_id_seq', 6, true);


--
-- Name: auth_group_id_seq; Type: SEQUENCE SET; Schema: public; Owner: admin
--

SELECT pg_catalog.setval('public.auth_group_id_seq', 1, false);


--
-- Name: auth_group_permissions_id_seq; Type: SEQUENCE SET; Schema: public; Owner: admin
--

SELECT pg_catalog.setval('public.auth_group_permissions_id_seq', 1, false);


--
-- Name: auth_permission_id_seq; Type: SEQUENCE SET; Schema: public; Owner: admin
--

SELECT pg_catalog.setval('public.auth_permission_id_seq', 60, true);


--
-- Name: auth_user_groups_id_seq; Type: SEQUENCE SET; Schema: public; Owner: admin
--

SELECT pg_catalog.setval('public.auth_user_groups_id_seq', 1, false);


--
-- Name: auth_user_id_seq; Type: SEQUENCE SET; Schema: public; Owner: admin
--

SELECT pg_catalog.setval('public.auth_user_id_seq', 4, true);


--
-- Name: auth_user_user_permissions_id_seq; Type: SEQUENCE SET; Schema: public; Owner: admin
--

SELECT pg_catalog.setval('public.auth_user_user_permissions_id_seq', 1, false);


--
-- Name: django_admin_log_id_seq; Type: SEQUENCE SET; Schema: public; Owner: admin
--

SELECT pg_catalog.setval('public.django_admin_log_id_seq', 23, true);


--
-- Name: django_content_type_id_seq; Type: SEQUENCE SET; Schema: public; Owner: admin
--

SELECT pg_catalog.setval('public.django_content_type_id_seq', 15, true);


--
-- Name: django_migrations_id_seq; Type: SEQUENCE SET; Schema: public; Owner: admin
--

SELECT pg_catalog.setval('public.django_migrations_id_seq', 23, true);


--
-- Name: api_asset api_asset_pkey; Type: CONSTRAINT; Schema: public; Owner: admin
--

ALTER TABLE ONLY public.api_asset
    ADD CONSTRAINT api_asset_pkey PRIMARY KEY (id);


--
-- Name: api_currencytype api_currencytype_currency_type_key; Type: CONSTRAINT; Schema: public; Owner: admin
--

ALTER TABLE ONLY public.api_currencytype
    ADD CONSTRAINT api_currencytype_currency_type_key UNIQUE (currency_type);


--
-- Name: api_currencytype api_currencytype_pkey; Type: CONSTRAINT; Schema: public; Owner: admin
--

ALTER TABLE ONLY public.api_currencytype
    ADD CONSTRAINT api_currencytype_pkey PRIMARY KEY (id);


--
-- Name: api_kind api_kind_kind_key; Type: CONSTRAINT; Schema: public; Owner: admin
--

ALTER TABLE ONLY public.api_kind
    ADD CONSTRAINT api_kind_kind_key UNIQUE (kind);


--
-- Name: api_kind api_kind_pkey; Type: CONSTRAINT; Schema: public; Owner: admin
--

ALTER TABLE ONLY public.api_kind
    ADD CONSTRAINT api_kind_pkey PRIMARY KEY (id);


--
-- Name: api_product api_product_pkey; Type: CONSTRAINT; Schema: public; Owner: admin
--

ALTER TABLE ONLY public.api_product
    ADD CONSTRAINT api_product_pkey PRIMARY KEY (id);


--
-- Name: api_product api_product_product_key; Type: CONSTRAINT; Schema: public; Owner: admin
--

ALTER TABLE ONLY public.api_product
    ADD CONSTRAINT api_product_product_key UNIQUE (product);


--
-- Name: api_sale api_sale_pkey; Type: CONSTRAINT; Schema: public; Owner: admin
--

ALTER TABLE ONLY public.api_sale
    ADD CONSTRAINT api_sale_pkey PRIMARY KEY (id);


--
-- Name: api_service api_service_pkey; Type: CONSTRAINT; Schema: public; Owner: admin
--

ALTER TABLE ONLY public.api_service
    ADD CONSTRAINT api_service_pkey PRIMARY KEY (id);


--
-- Name: api_service api_service_title_key; Type: CONSTRAINT; Schema: public; Owner: admin
--

ALTER TABLE ONLY public.api_service
    ADD CONSTRAINT api_service_title_key UNIQUE (title);


--
-- Name: api_site api_site_city_key; Type: CONSTRAINT; Schema: public; Owner: admin
--

ALTER TABLE ONLY public.api_site
    ADD CONSTRAINT api_site_city_key UNIQUE (city);


--
-- Name: api_site api_site_pkey; Type: CONSTRAINT; Schema: public; Owner: admin
--

ALTER TABLE ONLY public.api_site
    ADD CONSTRAINT api_site_pkey PRIMARY KEY (id);


--
-- Name: auth_group auth_group_name_key; Type: CONSTRAINT; Schema: public; Owner: admin
--

ALTER TABLE ONLY public.auth_group
    ADD CONSTRAINT auth_group_name_key UNIQUE (name);


--
-- Name: auth_group_permissions auth_group_permissions_group_id_permission_id_0cd325b0_uniq; Type: CONSTRAINT; Schema: public; Owner: admin
--

ALTER TABLE ONLY public.auth_group_permissions
    ADD CONSTRAINT auth_group_permissions_group_id_permission_id_0cd325b0_uniq UNIQUE (group_id, permission_id);


--
-- Name: auth_group_permissions auth_group_permissions_pkey; Type: CONSTRAINT; Schema: public; Owner: admin
--

ALTER TABLE ONLY public.auth_group_permissions
    ADD CONSTRAINT auth_group_permissions_pkey PRIMARY KEY (id);


--
-- Name: auth_group auth_group_pkey; Type: CONSTRAINT; Schema: public; Owner: admin
--

ALTER TABLE ONLY public.auth_group
    ADD CONSTRAINT auth_group_pkey PRIMARY KEY (id);


--
-- Name: auth_permission auth_permission_content_type_id_codename_01ab375a_uniq; Type: CONSTRAINT; Schema: public; Owner: admin
--

ALTER TABLE ONLY public.auth_permission
    ADD CONSTRAINT auth_permission_content_type_id_codename_01ab375a_uniq UNIQUE (content_type_id, codename);


--
-- Name: auth_permission auth_permission_pkey; Type: CONSTRAINT; Schema: public; Owner: admin
--

ALTER TABLE ONLY public.auth_permission
    ADD CONSTRAINT auth_permission_pkey PRIMARY KEY (id);


--
-- Name: auth_user_groups auth_user_groups_pkey; Type: CONSTRAINT; Schema: public; Owner: admin
--

ALTER TABLE ONLY public.auth_user_groups
    ADD CONSTRAINT auth_user_groups_pkey PRIMARY KEY (id);


--
-- Name: auth_user_groups auth_user_groups_user_id_group_id_94350c0c_uniq; Type: CONSTRAINT; Schema: public; Owner: admin
--

ALTER TABLE ONLY public.auth_user_groups
    ADD CONSTRAINT auth_user_groups_user_id_group_id_94350c0c_uniq UNIQUE (user_id, group_id);


--
-- Name: auth_user auth_user_pkey; Type: CONSTRAINT; Schema: public; Owner: admin
--

ALTER TABLE ONLY public.auth_user
    ADD CONSTRAINT auth_user_pkey PRIMARY KEY (id);


--
-- Name: auth_user_user_permissions auth_user_user_permissions_pkey; Type: CONSTRAINT; Schema: public; Owner: admin
--

ALTER TABLE ONLY public.auth_user_user_permissions
    ADD CONSTRAINT auth_user_user_permissions_pkey PRIMARY KEY (id);


--
-- Name: auth_user_user_permissions auth_user_user_permissions_user_id_permission_id_14a6b632_uniq; Type: CONSTRAINT; Schema: public; Owner: admin
--

ALTER TABLE ONLY public.auth_user_user_permissions
    ADD CONSTRAINT auth_user_user_permissions_user_id_permission_id_14a6b632_uniq UNIQUE (user_id, permission_id);


--
-- Name: auth_user auth_user_username_key; Type: CONSTRAINT; Schema: public; Owner: admin
--

ALTER TABLE ONLY public.auth_user
    ADD CONSTRAINT auth_user_username_key UNIQUE (username);


--
-- Name: authtoken_token authtoken_token_pkey; Type: CONSTRAINT; Schema: public; Owner: admin
--

ALTER TABLE ONLY public.authtoken_token
    ADD CONSTRAINT authtoken_token_pkey PRIMARY KEY (key);


--
-- Name: authtoken_token authtoken_token_user_id_key; Type: CONSTRAINT; Schema: public; Owner: admin
--

ALTER TABLE ONLY public.authtoken_token
    ADD CONSTRAINT authtoken_token_user_id_key UNIQUE (user_id);


--
-- Name: django_admin_log django_admin_log_pkey; Type: CONSTRAINT; Schema: public; Owner: admin
--

ALTER TABLE ONLY public.django_admin_log
    ADD CONSTRAINT django_admin_log_pkey PRIMARY KEY (id);


--
-- Name: django_content_type django_content_type_app_label_model_76bd3d3b_uniq; Type: CONSTRAINT; Schema: public; Owner: admin
--

ALTER TABLE ONLY public.django_content_type
    ADD CONSTRAINT django_content_type_app_label_model_76bd3d3b_uniq UNIQUE (app_label, model);


--
-- Name: django_content_type django_content_type_pkey; Type: CONSTRAINT; Schema: public; Owner: admin
--

ALTER TABLE ONLY public.django_content_type
    ADD CONSTRAINT django_content_type_pkey PRIMARY KEY (id);


--
-- Name: django_migrations django_migrations_pkey; Type: CONSTRAINT; Schema: public; Owner: admin
--

ALTER TABLE ONLY public.django_migrations
    ADD CONSTRAINT django_migrations_pkey PRIMARY KEY (id);


--
-- Name: django_session django_session_pkey; Type: CONSTRAINT; Schema: public; Owner: admin
--

ALTER TABLE ONLY public.django_session
    ADD CONSTRAINT django_session_pkey PRIMARY KEY (session_key);


--
-- Name: api_asset_username_71b30d97; Type: INDEX; Schema: public; Owner: admin
--

CREATE INDEX api_asset_username_71b30d97 ON public.api_asset USING btree (username);


--
-- Name: api_currencytype_currency_type_be50f499_like; Type: INDEX; Schema: public; Owner: admin
--

CREATE INDEX api_currencytype_currency_type_be50f499_like ON public.api_currencytype USING btree (currency_type varchar_pattern_ops);


--
-- Name: api_kind_kind_28742e6f_like; Type: INDEX; Schema: public; Owner: admin
--

CREATE INDEX api_kind_kind_28742e6f_like ON public.api_kind USING btree (kind varchar_pattern_ops);


--
-- Name: api_product_currency_type_47d66823; Type: INDEX; Schema: public; Owner: admin
--

CREATE INDEX api_product_currency_type_47d66823 ON public.api_product USING btree (currency_type);


--
-- Name: api_product_currency_type_47d66823_like; Type: INDEX; Schema: public; Owner: admin
--

CREATE INDEX api_product_currency_type_47d66823_like ON public.api_product USING btree (currency_type varchar_pattern_ops);


--
-- Name: api_product_kind_ab8fe8c4; Type: INDEX; Schema: public; Owner: admin
--

CREATE INDEX api_product_kind_ab8fe8c4 ON public.api_product USING btree (kind);


--
-- Name: api_product_kind_ab8fe8c4_like; Type: INDEX; Schema: public; Owner: admin
--

CREATE INDEX api_product_kind_ab8fe8c4_like ON public.api_product USING btree (kind varchar_pattern_ops);


--
-- Name: api_product_product_24568e9a_like; Type: INDEX; Schema: public; Owner: admin
--

CREATE INDEX api_product_product_24568e9a_like ON public.api_product USING btree (product varchar_pattern_ops);


--
-- Name: api_sale_product_fbafd697; Type: INDEX; Schema: public; Owner: admin
--

CREATE INDEX api_sale_product_fbafd697 ON public.api_sale USING btree (product);


--
-- Name: api_sale_product_fbafd697_like; Type: INDEX; Schema: public; Owner: admin
--

CREATE INDEX api_sale_product_fbafd697_like ON public.api_sale USING btree (product varchar_pattern_ops);


--
-- Name: api_sale_username_d6a00baf; Type: INDEX; Schema: public; Owner: admin
--

CREATE INDEX api_sale_username_d6a00baf ON public.api_sale USING btree (username);


--
-- Name: api_service_currency_types_736d1ddf; Type: INDEX; Schema: public; Owner: admin
--

CREATE INDEX api_service_currency_types_736d1ddf ON public.api_service USING btree (currency_types);


--
-- Name: api_service_currency_types_736d1ddf_like; Type: INDEX; Schema: public; Owner: admin
--

CREATE INDEX api_service_currency_types_736d1ddf_like ON public.api_service USING btree (currency_types varchar_pattern_ops);


--
-- Name: api_service_title_96102838_like; Type: INDEX; Schema: public; Owner: admin
--

CREATE INDEX api_service_title_96102838_like ON public.api_service USING btree (title varchar_pattern_ops);


--
-- Name: api_site_city_2ab5d805_like; Type: INDEX; Schema: public; Owner: admin
--

CREATE INDEX api_site_city_2ab5d805_like ON public.api_site USING btree (city varchar_pattern_ops);


--
-- Name: auth_group_name_a6ea08ec_like; Type: INDEX; Schema: public; Owner: admin
--

CREATE INDEX auth_group_name_a6ea08ec_like ON public.auth_group USING btree (name varchar_pattern_ops);


--
-- Name: auth_group_permissions_group_id_b120cbf9; Type: INDEX; Schema: public; Owner: admin
--

CREATE INDEX auth_group_permissions_group_id_b120cbf9 ON public.auth_group_permissions USING btree (group_id);


--
-- Name: auth_group_permissions_permission_id_84c5c92e; Type: INDEX; Schema: public; Owner: admin
--

CREATE INDEX auth_group_permissions_permission_id_84c5c92e ON public.auth_group_permissions USING btree (permission_id);


--
-- Name: auth_permission_content_type_id_2f476e4b; Type: INDEX; Schema: public; Owner: admin
--

CREATE INDEX auth_permission_content_type_id_2f476e4b ON public.auth_permission USING btree (content_type_id);


--
-- Name: auth_user_groups_group_id_97559544; Type: INDEX; Schema: public; Owner: admin
--

CREATE INDEX auth_user_groups_group_id_97559544 ON public.auth_user_groups USING btree (group_id);


--
-- Name: auth_user_groups_user_id_6a12ed8b; Type: INDEX; Schema: public; Owner: admin
--

CREATE INDEX auth_user_groups_user_id_6a12ed8b ON public.auth_user_groups USING btree (user_id);


--
-- Name: auth_user_user_permissions_permission_id_1fbb5f2c; Type: INDEX; Schema: public; Owner: admin
--

CREATE INDEX auth_user_user_permissions_permission_id_1fbb5f2c ON public.auth_user_user_permissions USING btree (permission_id);


--
-- Name: auth_user_user_permissions_user_id_a95ead1b; Type: INDEX; Schema: public; Owner: admin
--

CREATE INDEX auth_user_user_permissions_user_id_a95ead1b ON public.auth_user_user_permissions USING btree (user_id);


--
-- Name: auth_user_username_6821ab7c_like; Type: INDEX; Schema: public; Owner: admin
--

CREATE INDEX auth_user_username_6821ab7c_like ON public.auth_user USING btree (username varchar_pattern_ops);


--
-- Name: authtoken_token_key_10f0b77e_like; Type: INDEX; Schema: public; Owner: admin
--

CREATE INDEX authtoken_token_key_10f0b77e_like ON public.authtoken_token USING btree (key varchar_pattern_ops);


--
-- Name: django_admin_log_content_type_id_c4bce8eb; Type: INDEX; Schema: public; Owner: admin
--

CREATE INDEX django_admin_log_content_type_id_c4bce8eb ON public.django_admin_log USING btree (content_type_id);


--
-- Name: django_admin_log_user_id_c564eba6; Type: INDEX; Schema: public; Owner: admin
--

CREATE INDEX django_admin_log_user_id_c564eba6 ON public.django_admin_log USING btree (user_id);


--
-- Name: django_session_expire_date_a5c62663; Type: INDEX; Schema: public; Owner: admin
--

CREATE INDEX django_session_expire_date_a5c62663 ON public.django_session USING btree (expire_date);


--
-- Name: django_session_session_key_c0390e0f_like; Type: INDEX; Schema: public; Owner: admin
--

CREATE INDEX django_session_session_key_c0390e0f_like ON public.django_session USING btree (session_key varchar_pattern_ops);


--
-- Name: api_asset api_asset_username_71b30d97_fk_auth_user_id; Type: FK CONSTRAINT; Schema: public; Owner: admin
--

ALTER TABLE ONLY public.api_asset
    ADD CONSTRAINT api_asset_username_71b30d97_fk_auth_user_id FOREIGN KEY (username) REFERENCES public.auth_user(id) DEFERRABLE INITIALLY DEFERRED;


--
-- Name: api_product api_product_currency_type_47d66823_fk_api_curre; Type: FK CONSTRAINT; Schema: public; Owner: admin
--

ALTER TABLE ONLY public.api_product
    ADD CONSTRAINT api_product_currency_type_47d66823_fk_api_curre FOREIGN KEY (currency_type) REFERENCES public.api_currencytype(currency_type) DEFERRABLE INITIALLY DEFERRED;


--
-- Name: api_product api_product_kind_ab8fe8c4_fk_api_kind_kind; Type: FK CONSTRAINT; Schema: public; Owner: admin
--

ALTER TABLE ONLY public.api_product
    ADD CONSTRAINT api_product_kind_ab8fe8c4_fk_api_kind_kind FOREIGN KEY (kind) REFERENCES public.api_kind(kind) DEFERRABLE INITIALLY DEFERRED;


--
-- Name: api_sale api_sale_product_fbafd697_fk_api_product_product; Type: FK CONSTRAINT; Schema: public; Owner: admin
--

ALTER TABLE ONLY public.api_sale
    ADD CONSTRAINT api_sale_product_fbafd697_fk_api_product_product FOREIGN KEY (product) REFERENCES public.api_product(product) DEFERRABLE INITIALLY DEFERRED;


--
-- Name: api_sale api_sale_username_d6a00baf_fk_auth_user_id; Type: FK CONSTRAINT; Schema: public; Owner: admin
--

ALTER TABLE ONLY public.api_sale
    ADD CONSTRAINT api_sale_username_d6a00baf_fk_auth_user_id FOREIGN KEY (username) REFERENCES public.auth_user(id) DEFERRABLE INITIALLY DEFERRED;


--
-- Name: api_service api_service_currency_types_736d1ddf_fk_api_curre; Type: FK CONSTRAINT; Schema: public; Owner: admin
--

ALTER TABLE ONLY public.api_service
    ADD CONSTRAINT api_service_currency_types_736d1ddf_fk_api_curre FOREIGN KEY (currency_types) REFERENCES public.api_currencytype(currency_type) DEFERRABLE INITIALLY DEFERRED;


--
-- Name: auth_group_permissions auth_group_permissio_permission_id_84c5c92e_fk_auth_perm; Type: FK CONSTRAINT; Schema: public; Owner: admin
--

ALTER TABLE ONLY public.auth_group_permissions
    ADD CONSTRAINT auth_group_permissio_permission_id_84c5c92e_fk_auth_perm FOREIGN KEY (permission_id) REFERENCES public.auth_permission(id) DEFERRABLE INITIALLY DEFERRED;


--
-- Name: auth_group_permissions auth_group_permissions_group_id_b120cbf9_fk_auth_group_id; Type: FK CONSTRAINT; Schema: public; Owner: admin
--

ALTER TABLE ONLY public.auth_group_permissions
    ADD CONSTRAINT auth_group_permissions_group_id_b120cbf9_fk_auth_group_id FOREIGN KEY (group_id) REFERENCES public.auth_group(id) DEFERRABLE INITIALLY DEFERRED;


--
-- Name: auth_permission auth_permission_content_type_id_2f476e4b_fk_django_co; Type: FK CONSTRAINT; Schema: public; Owner: admin
--

ALTER TABLE ONLY public.auth_permission
    ADD CONSTRAINT auth_permission_content_type_id_2f476e4b_fk_django_co FOREIGN KEY (content_type_id) REFERENCES public.django_content_type(id) DEFERRABLE INITIALLY DEFERRED;


--
-- Name: auth_user_groups auth_user_groups_group_id_97559544_fk_auth_group_id; Type: FK CONSTRAINT; Schema: public; Owner: admin
--

ALTER TABLE ONLY public.auth_user_groups
    ADD CONSTRAINT auth_user_groups_group_id_97559544_fk_auth_group_id FOREIGN KEY (group_id) REFERENCES public.auth_group(id) DEFERRABLE INITIALLY DEFERRED;


--
-- Name: auth_user_groups auth_user_groups_user_id_6a12ed8b_fk_auth_user_id; Type: FK CONSTRAINT; Schema: public; Owner: admin
--

ALTER TABLE ONLY public.auth_user_groups
    ADD CONSTRAINT auth_user_groups_user_id_6a12ed8b_fk_auth_user_id FOREIGN KEY (user_id) REFERENCES public.auth_user(id) DEFERRABLE INITIALLY DEFERRED;


--
-- Name: auth_user_user_permissions auth_user_user_permi_permission_id_1fbb5f2c_fk_auth_perm; Type: FK CONSTRAINT; Schema: public; Owner: admin
--

ALTER TABLE ONLY public.auth_user_user_permissions
    ADD CONSTRAINT auth_user_user_permi_permission_id_1fbb5f2c_fk_auth_perm FOREIGN KEY (permission_id) REFERENCES public.auth_permission(id) DEFERRABLE INITIALLY DEFERRED;


--
-- Name: auth_user_user_permissions auth_user_user_permissions_user_id_a95ead1b_fk_auth_user_id; Type: FK CONSTRAINT; Schema: public; Owner: admin
--

ALTER TABLE ONLY public.auth_user_user_permissions
    ADD CONSTRAINT auth_user_user_permissions_user_id_a95ead1b_fk_auth_user_id FOREIGN KEY (user_id) REFERENCES public.auth_user(id) DEFERRABLE INITIALLY DEFERRED;


--
-- Name: authtoken_token authtoken_token_user_id_35299eff_fk_auth_user_id; Type: FK CONSTRAINT; Schema: public; Owner: admin
--

ALTER TABLE ONLY public.authtoken_token
    ADD CONSTRAINT authtoken_token_user_id_35299eff_fk_auth_user_id FOREIGN KEY (user_id) REFERENCES public.auth_user(id) DEFERRABLE INITIALLY DEFERRED;


--
-- Name: django_admin_log django_admin_log_content_type_id_c4bce8eb_fk_django_co; Type: FK CONSTRAINT; Schema: public; Owner: admin
--

ALTER TABLE ONLY public.django_admin_log
    ADD CONSTRAINT django_admin_log_content_type_id_c4bce8eb_fk_django_co FOREIGN KEY (content_type_id) REFERENCES public.django_content_type(id) DEFERRABLE INITIALLY DEFERRED;


--
-- Name: django_admin_log django_admin_log_user_id_c564eba6_fk_auth_user_id; Type: FK CONSTRAINT; Schema: public; Owner: admin
--

ALTER TABLE ONLY public.django_admin_log
    ADD CONSTRAINT django_admin_log_user_id_c564eba6_fk_auth_user_id FOREIGN KEY (user_id) REFERENCES public.auth_user(id) DEFERRABLE INITIALLY DEFERRED;


--
-- PostgreSQL database dump complete
--

